Bin Id	# unique markers (of 43)	# multi-copy	Insertion branch UID	Taxonomy (contained)	Taxonomy (sister lineage)	GC	Genome size (Mbp)	Gene count	Coding density	Translation table	# descendant genomes	Lineage: GC mean	Lineage: GC std	Lineage: genome size (Mbp) mean	Lineage: genome size (Mbp) std	Lineage: gene count mean	Lineage: gene count std
BSEL-pool1.001	29	9	UID4735	k__Bacteria;p__Proteobacteria;c__Gammaproteobacteria;o__Pseudomonadales;f__Moraxellaceae;g__Acinetobacter;s__Acinetobacter_lwoffii	unresolved	44.0084395102	1.952246	3105	0.873694196326	11	2	41.8575980001	0.914352890327	3.5135565	0.0325525	3397.0	195.0
BSEL-pool1.002	32	5	UID2981	k__Bacteria	p__Fibrobacteres;c__Fibrobacteria;o__Fibrobacterales;f__Fibrobacteraceae;g__Fibrobacter;s__Fibrobacter_succinogenes	50.8232296652	3.682326	3473	0.916843049746	11	2	42.9626862761	5.0891583566	3.0447275	0.7979075	2528.5	659.5
BSEL-pool1.003	28	5	UID4489	k__Bacteria;p__Proteobacteria;c__Gammaproteobacteria;o__Pseudomonadales;f__Pseudomonadaceae	g__Pseudomonas;s__Pseudomonas_caeni	47.4364792757	2.780746	4420	0.90806064272	11	184	61.647585597	3.08662930547	5.86370508696	0.785521898244	5415.60326087	702.400967946
BSEL-pool1.004	1	0	UID3811	k__Bacteria;p__Proteobacteria;c__Alphaproteobacteria;o__Rickettsiales	f__Rickettsiaceae	36.8310348043	2.219753	3214	0.844464226425	11	63	32.0515691126	3.658457942	1.28624547619	0.23273234995	1197.76190476	292.083305919
BSEL-pool1.005	21	8	UID2616	k__Bacteria;p__Bacteroidetes	c__Bacteroidia;o__Bacteroidales	44.7027076653	1.829916	2125	0.925816266976	11	339	41.2085843471	6.09138086841	3.91522416224	1.35300552133	3422.87610619	1091.16090759
BSEL-pool1.006	7	35	UID2616	k__Bacteria;p__Bacteroidetes	c__Bacteroidia;o__Bacteroidales	51.380694022	3.677607	3667	0.94203458934	11	339	41.2085843471	6.09138086841	3.91522416224	1.35300552133	3422.87610619	1091.16090759
BSEL-pool1.007	41	0	UID2496	k__Bacteria;p__Spirochaetes;c__Spirochaetia	p__Elusimicrobia;c__Candidatus_Endomicrobium;o__Candidatus_Endomicrobium;f__Candidatus_Endomicrobium;g__Candidatus_Endomicrobium;s__	35.0533133953	1.280635	1194	0.923889320532	11	72	38.9697421605	10.3693638763	2.60865927778	1.034157916	2440.63888889	952.666641963
BSEL-pool1.008	29	0	UID2496	k__Bacteria;p__Spirochaetes;c__Spirochaetia	p__Elusimicrobia;c__Candidatus_Endomicrobium;o__Candidatus_Endomicrobium;f__Candidatus_Endomicrobium;g__Candidatus_Endomicrobium;s__	44.4947364007	2.003192	2188	0.927498212852	11	72	38.9697421605	10.3693638763	2.60865927778	1.034157916	2440.63888889	952.666641963
BSEL-pool1.009	34	3	UID1293	k__Bacteria;p__Firmicutes;c__Clostridia;o__Clostridiales;f__Lachnospiraceae	unresolved	44.0392082468	1.307276	1953	0.94156092516	11	35	41.1826731883	2.27312843919	4.051379	0.584466320132	3605.57142857	499.270341067
BSEL-pool1.010	22	1	UID4141	k__Bacteria;p__Proteobacteria;c__Betaproteobacteria;o__Burkholderiales;f__Comamonadaceae;g__Alicycliphilus	g__Comamonas;s__Comamonas_badia	61.5842627074	2.251874	2802	0.915652474339	11	3	67.2768875739	0.92849851595	4.52916133333	0.607354101187	4385.33333333	595.741181685
BSEL-pool1.011	13	20	UID2617	k__Bacteria;p__Bacteroidetes;c__Bacteroidia;o__Bacteroidales	f__Rikenellaceae;g__Alistipes	59.2583673933	1.391174	1959	0.960518238552	11	213	44.6136469867	4.37190585704	4.16594949296	1.44014248458	3559.19248826	1160.01352815
BSEL-pool1.012	37	6	UID3162	k__Bacteria;p__Proteobacteria;c__Epsilonproteobacteria;o__Campylobacterales;f__Campylobacteraceae;g__Arcobacter	s__Arcobacter_butzleri	28.2129746736	2.757079	2949	0.922650021998	11	8	27.0724398821	0.526813900877	2.5558495	0.373929549748	2581.5	365.619679448
BSEL-pool1.013	15	26	UID3047	k__Bacteria	p__Lentisphaerae;c__Lentisphaeria;o__Victivallales;f__Victivallaceae;g__Victivallis;s__Victivallis_vadensis	62.1174669382	2.407537	3146	0.958552661911	11	13	57.5577008374	5.62263534464	4.93147930769	2.10484696641	4236.38461538	1609.1957159
BSEL-pool1.014	2	0	UID1239	k__Bacteria;p__Firmicutes;c__Clostridia;o__Clostridiales;f__Ruminococcaceae	g__Ruminococcus	53.1799500269	0.171292	167	0.892411788058	11	9	46.8387057261	2.96169326083	3.67354244444	0.663355515278	3414.44444444	654.15800183
BSEL-pool1.015	3	0	UID4682	k__Bacteria;p__Proteobacteria;c__Gammaproteobacteria;o__Pseudomonadales;f__Moraxellaceae	g__Acinetobacter	44.9615764463	2.151675	3146	0.903529575796	11	68	39.7137494171	1.54163600267	3.70728255882	0.325466394161	3592.14705882	338.731598793
BSEL-pool1.016	3	0	UID1240	k__Bacteria;p__Firmicutes;c__Clostridia;o__Clostridiales;f__Ruminococcaceae;g__Ruminococcus	s__Ruminococcus_flavefaciens	55.0863815634	0.563141	526	0.904842659298	11	8	46.2165251539	2.52667812802	3.7069445	0.696422523521	3346.125	662.876390721
BSEL-pool1.017	0	0	NA	NA	unresolved	42.4575726194	0.993639	1237	0.848506348885	11	NA	NA	NA	NA	NA	NA	NA
BSEL-pool1.018	3	0	UID1240	k__Bacteria;p__Firmicutes;c__Clostridia;o__Clostridiales;f__Ruminococcaceae;g__Ruminococcus	s__Ruminococcus_flavefaciens	49.0139947341	2.877368	2653	0.899135598922	11	8	46.2165251539	2.52667812802	3.7069445	0.696422523521	3346.125	662.876390721
BSEL-pool1.019	26	2	UID1027	k__Bacteria;p__Firmicutes;c__Negativicutes;o__Selenomonadales;f__Acidaminococcaceae	g__Acidaminococcus;s__Acidaminococcus_intestini	52.198625891	0.582341	943	0.880283201767	11	6	50.5936678297	2.50409466221	2.28418616667	0.110614576722	2222.83333333	126.004519319
BSEL-pool1.020	32	1	UID2496	k__Bacteria;p__Spirochaetes;c__Spirochaetia	p__Elusimicrobia;c__Candidatus_Endomicrobium;o__Candidatus_Endomicrobium;f__Candidatus_Endomicrobium;g__Candidatus_Endomicrobium;s__	30.677978507	1.899131	2124	0.920388324976	11	72	38.9697421605	10.3693638763	2.60865927778	1.034157916	2440.63888889	952.666641963
BSEL-pool1.021	36	7	UID2619	k__Bacteria;p__Bacteroidetes;c__Bacteroidia;o__Bacteroidales	unresolved	44.8059031277	3.664227	3070	0.891647815487	11	200	44.3690310309	3.96091000291	4.17683504	1.46581261908	3569.93	1183.07497019
BSEL-pool1.022	12	10	UID1227	k__Bacteria;p__Firmicutes;c__Clostridia;o__Clostridiales	unresolved	61.4975983087	1.979022	2798	0.969612768327	11	21	51.3750896344	4.85730655984	3.60745271429	0.799059994081	3663.76190476	915.711532076
BSEL-pool1.023	18	13	UID2496	k__Bacteria;p__Spirochaetes;c__Spirochaetia	p__Elusimicrobia;c__Candidatus_Endomicrobium;o__Candidatus_Endomicrobium;f__Candidatus_Endomicrobium;g__Candidatus_Endomicrobium;s__	36.0986181331	1.783891	2277	0.851146734862	11	72	38.9697421605	10.3693638763	2.60865927778	1.034157916	2440.63888889	952.666641963
BSEL-pool1.024	5	19	UID2722	k__Bacteria;p__Bacteroidetes;c__Bacteroidia;o__Bacteroidales;f__Prevotellaceae;g__Prevotella	unresolved	48.9570540965	0.438901	707	0.899009115951	11	64	45.2639105148	4.79311901869	3.07723632812	0.378557764631	2652.21875	322.978688768
BSEL-pool1.025	13	1	UID2981	k__Bacteria	p__Fibrobacteres;c__Fibrobacteria;o__Fibrobacterales;f__Fibrobacteraceae;g__Fibrobacter;s__Fibrobacter_succinogenes	56.9524198675	0.964247	1493	0.94942789555	11	2	42.9626862761	5.0891583566	3.0447275	0.7979075	2528.5	659.5
BSEL-pool1.026	22	5	UID4179	k__Bacteria;p__Proteobacteria;c__Betaproteobacteria;o__Burkholderiales;f__Alcaligenaceae	g__Alcaligenes	57.4990789811	5.792498	6877	0.89305253105	11	3	56.6485967168	0.207212227463	4.149857	0.159546426111	3955.33333333	94.0720763859
BSEL-pool1.027	14	5	UID1227	k__Bacteria;p__Firmicutes;c__Clostridia;o__Clostridiales	f__Ruminococcaceae	56.0353125238	0.604658	769	0.896397633042	11	21	51.3750896344	4.85730655984	3.60745271429	0.799059994081	3663.76190476	915.711532076
BSEL-pool1.028	18	8	UID2616	k__Bacteria;p__Bacteroidetes	c__Bacteroidia;o__Bacteroidales	50.5923212572	0.594863	868	0.911942749843	11	339	41.2085843471	6.09138086841	3.91522416224	1.35300552133	3422.87610619	1091.16090759
BSEL-pool1.029	14	24	UID4488	k__Bacteria;p__Proteobacteria;c__Gammaproteobacteria;o__Pseudomonadales	f__Pseudomonadaceae	54.9064860856	2.784345	3672	0.959034530563	11	185	61.5668024053	3.26749930096	5.86199767568	0.783738274377	5411.85945946	702.338396709
BSEL-pool1.030	18	25	UID2618	k__Bacteria;p__Bacteroidetes;c__Bacteroidia;o__Bacteroidales	unresolved	40.5003886624	5.756925	4903	0.912081710288	11	207	44.2786566854	3.95055024991	4.19324544928	1.44938309047	3579.7294686	1168.66293569
BSEL-pool1.031	2	0	UID4734	k__Bacteria;p__Proteobacteria;c__Gammaproteobacteria;o__Pseudomonadales;f__Moraxellaceae;g__Acinetobacter;s__Acinetobacter_lwoffii	unresolved	47.3503983726	0.147475	260	0.762508899814	11	3	42.1996489716	0.889583351673	3.434414	0.115037011943	3320.0	192.893753139
BSEL-pool1.032	34	2	UID1214	k__Bacteria;p__Firmicutes;c__Clostridia;o__Clostridiales;f__Peptostreptococcaceae_3;g__Clostridium_3	unresolved	49.0138337214	1.693832	1771	0.945919666177	11	3	45.3719452577	0.855761650272	2.71408666667	0.642612604222	2453.66666667	618.767771911
BSEL-pool1.033	7	1	UID4489	k__Bacteria;p__Proteobacteria;c__Gammaproteobacteria;o__Pseudomonadales;f__Pseudomonadaceae	g__Pseudomonas;s__Pseudomonas_caeni	48.685604175	2.800298	3969	0.88999349355	11	184	61.647585597	3.08662930547	5.86370508696	0.785521898244	5415.60326087	702.400967946
BSEL-pool1.034	15	4	UID1215	k__Bacteria;p__Firmicutes;c__Clostridia;o__Clostridiales;f__Peptostreptococcaceae_3;g__Clostridium_3	f__Ruminococcaceae;g__;s__	49.9185002958	1.823933	1752	0.930221121061	11	2	45.9519412469	0.298841029031	3.166006	0.082056	2891.0	23.0
BSEL-pool1.035	17	8	UID1121	k__Bacteria;p__Firmicutes;c__Clostridia;o__Clostridiales	f__Eubacteriaceae	56.9950321076	2.471068	3460	0.94449606405	11	132	30.5712363924	4.45267476019	3.54186193939	0.949794343132	3358.54545455	876.530042041
BSEL-pool1.036	13	5	UID4179	k__Bacteria;p__Proteobacteria;c__Betaproteobacteria;o__Burkholderiales;f__Alcaligenaceae	g__Alcaligenes	61.6732458094	6.252841	7519	0.914012206611	11	3	56.6485967168	0.207212227463	4.149857	0.159546426111	3955.33333333	94.0720763859
BSEL-pool1.037	9	5	UID1027	k__Bacteria;p__Firmicutes;c__Negativicutes;o__Selenomonadales;f__Acidaminococcaceae	g__Phascolarctobacterium;s__	50.721923171	2.138801	2954	0.881795922108	11	6	50.5936678297	2.50409466221	2.28418616667	0.110614576722	2222.83333333	126.004519319
BSEL-pool1.038	5	0	UID2616	k__Bacteria;p__Bacteroidetes	c__Bacteroidia;o__Bacteroidales	45.1287280366	1.142525	1246	0.903039320803	11	339	41.2085843471	6.09138086841	3.91522416224	1.35300552133	3422.87610619	1091.16090759
BSEL-pool1.039	8	5	UID2561	k__Bacteria;p__Spirochaetes;c__Spirochaetia;o__Spirochaetales;f__Spirochaetaceae;g__Treponema	unresolved	39.6551167671	3.129349	4330	0.930923332616	11	5	42.7108865335	5.25774639831	3.1115962	0.229859258677	2759.0	154.20765221
BSEL-pool1.040	2	0	UID4733	k__Bacteria;p__Proteobacteria;c__Gammaproteobacteria;o__Pseudomonadales;f__Moraxellaceae;g__Acinetobacter	s__	44.0979240212	2.459948	4040	0.905404504485	11	4	42.3298862286	0.802747864553	3.35708175	0.166931022454	3238.0	219.266960575
BSEL-pool1.041	16	18	UID2361	k__Bacteria;p__Tenericutes;c__Mollicutes	o__Acholeplasmatales;f__Acholeplasmataceae	36.336423965	2.416011	2692	0.949671172855	11	142	29.3784237426	5.08981091676	1.24185377465	0.879100396967	1150.33098592	943.574136468
BSEL-pool1.042	12	0	UID955	k__Bacteria;p__Firmicutes;c__Bacilli;o__Bacillales;f__Planococcaceae	f__Bacillaceae;g__Bacillus;s__Bacillus_isronensis	42.0903474622	2.906158	3557	0.880509937863	11	4	37.7220033055	0.606682763959	4.5190575	0.308580051344	4531.75	333.016797624
BSEL-pool1.043	7	0	UID1234	k__Bacteria;p__Firmicutes;c__Clostridia;o__Clostridiales;f__Ruminococcaceae	f__Peptostreptococcaceae;g__Clostridium;s__Clostridium_leptum	60.0522790175	2.536773	3594	0.940377794939	11	2	52.8718895631	2.68662050941	3.1393425	0.1307665	3428.5	554.5
BSEL-pool1.044	28	4	UID3304	k__Bacteria;p__Proteobacteria;c__Alphaproteobacteria	unresolved	41.8150672516	1.65498	1937	0.897508731223	11	647	56.2345306302	11.7755932714	4.32205411283	2.09229461022	4168.32457496	2033.07693726
BSEL-pool1.045	18	2	UID1234	k__Bacteria;p__Firmicutes;c__Clostridia;o__Clostridiales;f__Ruminococcaceae	f__Peptostreptococcaceae;g__Clostridium;s__Clostridium_leptum	50.4035175503	1.720743	1958	0.933447934991	11	2	52.8718895631	2.68662050941	3.1393425	0.1307665	3428.5	554.5
BSEL-pool1.046	5	0	UID2391	k__Bacteria;p__Tenericutes;c__Mollicutes;o__Erysipelotrichales;f__Erysipelotrichaceae;g__Solobacterium	s__Solobacterium_moorei	25.1747656927	0.63485	1032	0.945875403639	11	5	41.7271020233	6.19110754575	2.544378	0.842033885692	2657.2	947.581215517
BSEL-pool1.047	10	9	UID1227	k__Bacteria;p__Firmicutes;c__Clostridia;o__Clostridiales	unresolved	62.00281044	8.764464	12166	0.964720261273	11	21	51.3750896344	4.85730655984	3.60745271429	0.799059994081	3663.76190476	915.711532076
BSEL-pool1.048	11	6	UID146	k__Archaea	p__Thaumarchaeota;c__Nitrosopumilales;o__Nitrosopumilales;f__Nitrosopumilaceae	24.6960213021	13.409739	12568	0.887421671667	11	59	45.1509210405	9.92870287736	2.03925301695	0.554236098315	2227.77966102	582.688074469
BSEL-pool1.049	11	6	UID3047	k__Bacteria	p__Lentisphaerae;c__Lentisphaeria;o__Victivallales;f__Victivallaceae;g__Victivallis;s__Victivallis_vadensis	67.2099018328	1.964404	2606	0.968558402447	11	13	57.5577008374	5.62263534464	4.93147930769	2.10484696641	4236.38461538	1609.1957159
BSEL-pool1.050	2	0	UID1215	k__Bacteria;p__Firmicutes;c__Clostridia;o__Clostridiales;f__Peptostreptococcaceae_3;g__Clostridium_3	f__;g__;s__	44.8610248893	1.235509	1848	0.92792525186	11	2	45.9519412469	0.298841029031	3.166006	0.082056	2891.0	23.0
BSEL-pool1.051	4	4	UID199	k__Archaea	p__Thaumarchaeota;c__Nitrosopumilales;o__Nitrosopumilales;f__Nitrosopumilaceae	27.1764673271	2.88603	3301	0.90910593445	11	5	44.8420482277	9.77433913171	1.9625428	0.462963973951	2257.6	678.013746173
BSEL-pool1.052	13	1	UID3047	k__Bacteria	p__Lentisphaerae;c__Lentisphaeria;o__Victivallales;f__Victivallaceae;g__Victivallis;s__Victivallis_vadensis	67.1110081062	2.386078	2749	0.879078973948	11	13	57.5577008374	5.62263534464	4.93147930769	2.10484696641	4236.38461538	1609.1957159
BSEL-pool1.053	13	0	UID2619	k__Bacteria;p__Bacteroidetes;c__Bacteroidia;o__Bacteroidales	unresolved	37.8683086284	2.47184	2909	0.916581170302	11	200	44.3690310309	3.96091000291	4.17683504	1.46581261908	3569.93	1183.07497019
BSEL-pool1.054	6	4	UID2536	k__Bacteria;p__Spirochaetes;c__Spirochaetia;o__Spirochaetales;f__Spirochaetaceae	g__Sphaerochaeta	46.9901561396	0.945564	1404	0.927310049875	11	5	48.7487949991	1.4146619744	3.6730384	0.894732632953	3403.2	900.338691827
BSEL-pool1.055	12	9	UID2722	k__Bacteria;p__Bacteroidetes;c__Bacteroidia;o__Bacteroidales;f__Prevotellaceae;g__Prevotella	unresolved	50.1818629936	4.471223	6101	0.956712514674	11	64	45.2639105148	4.79311901869	3.07723632812	0.378557764631	2652.21875	322.978688768
BSEL-pool1.056	18	6	UID3303	k__Bacteria;p__Proteobacteria;c__Alphaproteobacteria	unresolved	61.2527700331	2.202591	3028	0.951906640861	11	648	56.2313407342	11.7667834104	4.32266758025	2.09073779431	4167.79166667	2031.55282201
BSEL-pool1.057	3	1	UID4141	k__Bacteria;p__Proteobacteria;c__Betaproteobacteria;o__Burkholderiales;f__Comamonadaceae;g__Alicycliphilus	g__Comamonas;s__Comamonas_badia	60.0783497681	5.561982	7234	0.893415692464	11	3	67.2768875739	0.92849851595	4.52916133333	0.607354101187	4385.33333333	595.741181685
BSEL-pool1.058	8	30	UID1215	k__Bacteria;p__Firmicutes;c__Clostridia;o__Clostridiales;f__Peptostreptococcaceae_3;g__Clostridium_3	f__;g__;s__	50.9951438341	2.647356	3503	0.962385111787	11	2	45.9519412469	0.298841029031	3.166006	0.082056	2891.0	23.0
BSEL-pool1.059	14	7	UID1293	k__Bacteria;p__Firmicutes;c__Clostridia;o__Clostridiales;f__Lachnospiraceae	unresolved	50.0316741536	0.83033	1279	0.954319366999	11	35	41.1826731883	2.27312843919	4.051379	0.584466320132	3605.57142857	499.270341067
BSEL-pool1.060	4	1	UID2361	k__Bacteria;p__Tenericutes;c__Mollicutes	o__Acholeplasmatales;f__Acholeplasmataceae	28.1863455654	1.083106	1688	0.927483551933	11	142	29.3784237426	5.08981091676	1.24185377465	0.879100396967	1150.33098592	943.574136468
BSEL-pool1.061	13	5	UID3047	k__Bacteria	p__Lentisphaerae;c__Lentisphaeria;o__Victivallales;f__Victivallaceae;g__Victivallis;s__Victivallis_vadensis	53.906513621	3.19469	4959	0.928775561948	11	13	57.5577008374	5.62263534464	4.93147930769	2.10484696641	4236.38461538	1609.1957159
BSEL-pool1.062	7	31	UID2993	k__Bacteria	p__Verrucomicrobia	65.1490378377	2.62014	3696	0.939983359668	11	77	42.9388897508	7.08947795852	1.8711955974	1.6729307037	1670.83116883	1381.87024973
BSEL-pool1.063	1	0	UID1	k__Archaea (root)	k__Archaea	20.2071156202	14.138866	13970	0.89503903637	11	5656	49.2752660014	13.0081081425	3.76173456931	1.81655134913	3559.91760962	1650.82761538
BSEL-pool1.064	0	7	NA	NA	unresolved	59.8225437691	0.609277	878	0.960904481869	11	NA	NA	NA	NA	NA	NA	NA
BSEL-pool1.065	3	0	UID2719	k__Bacteria;p__Bacteroidetes;c__Bacteroidia;o__Bacteroidales;f__Prevotellaceae;g__Prevotella	unresolved	44.884899395	1.648775	2215	0.940870039878	11	67	45.1626023331	4.79490525173	3.06571052239	0.380303181607	2648.01492537	324.492416145
BSEL-pool1.066	1	0	UID2813	k__Bacteria;p__Bacteroidetes;c__Flavobacteriia;o__Flavobacteriales;f__Cryomorphaceae	g__Fluviicola;s__Fluviicola_taffensis	41.8715073928	0.990485	1156	0.939414529246	11	2	35.2738275714	1.22085029837	4.6282325	0.0053445	4129.5	1.5
BSEL-pool1.067	10	5	UID1230	k__Bacteria;p__Firmicutes;c__Clostridia;o__Clostridiales	f__Oscillospiraceae;g__Oscillibacter;s__Oscillibacter_valericigenes	58.2561237322	5.566989	8668	0.953695435719	11	4	54.936132268	3.97742114581	4.187599	1.14915573988	4522.75	1321.7663135
BSEL-pool1.068	22	17	UID2817	k__Bacteria;p__Bacteroidetes;c__Flavobacteriia;o__Flavobacteriales;f__Flavobacteriaceae	unresolved	35.4123672158	3.867742	5296	0.896206623916	11	81	35.1468735747	3.54410626314	3.87838816049	0.7654781761	3505.38271605	631.100519628
BSEL-pool1.069	13	8	UID3442	k__Bacteria;p__Proteobacteria;c__Alphaproteobacteria;o__Caulobacterales;f__Caulobacteraceae;g__Brevundimonas	unresolved	61.8321271545	5.313474	7358	0.914495111861	11	3	66.9123214764	0.237989743615	3.382171	0.199294673709	3393.33333333	210.556933446
BSEL-pool1.070	3	1	UID2617	k__Bacteria;p__Bacteroidetes;c__Bacteroidia;o__Bacteroidales	f__Rikenellaceae;g__Alistipes	46.6176155967	0.406651	800	0.712446299161	11	213	44.6136469867	4.37190585704	4.16594949296	1.44014248458	3559.19248826	1160.01352815
BSEL-pool1.071	6	26	UID4231	k__Bacteria;p__Proteobacteria;c__Gammaproteobacteria;o__Xanthomonadales;f__Xanthomonadaceae;g__Stenotrophomonas	s__Stenotrophomonas_maltophilia	60.0987463938	0.617339	924	0.963007359004	11	10	66.3382800109	0.197852610396	4.6944791	0.196426446487	4313.0	168.342508001
BSEL-pool1.072	9	10	UID2616	k__Bacteria;p__Bacteroidetes	c__Bacteroidia;o__Bacteroidales	51.5209140663	3.504866	4663	0.951946522349	11	339	41.2085843471	6.09138086841	3.91522416224	1.35300552133	3422.87610619	1091.16090759
BSEL-pool1.073	10	20	UID2372	k__Bacteria;p__Tenericutes;c__Mollicutes	o__Erysipelotrichales;f__Erysipelotrichaceae	32.7312125811	5.313995	7671	0.888303056363	11	131	29.5145606534	5.21378913358	1.25206398473	0.907346776529	1158.4351145	975.163936887
BSEL-pool1.074	12	16	UID956	k__Bacteria;p__Firmicutes;c__Bacilli;o__Bacillales;f__Planococcaceae;g__Lysinibacillus	s__Lysinibacillus_fusiformis	41.1003800085	1.945746	2679	0.89087064807	11	3	37.3747299296	0.0914154125321	4.685445	0.127369528635	4714.33333333	120.499884739
BSEL-pool1.075	15	2	UID2982	k__Bacteria	p__Planctomycetes;c__Planctomycetia;o__Planctomycetales;f__Planctomycetaceae	50.2863699686	2.747844	3984	0.932896845672	11	88	44.2282294983	7.81376598976	2.42188205682	2.19213346454	2142.11363636	1851.65080175
BSEL-pool1.076	7	10	UID2617	k__Bacteria;p__Bacteroidetes;c__Bacteroidia;o__Bacteroidales	f__Rikenellaceae;g__Alistipes	56.154104746	4.619689	5852	0.963783059855	11	213	44.6136469867	4.37190585704	4.16594949296	1.44014248458	3559.19248826	1160.01352815
BSEL-pool1.077	10	12	UID2719	k__Bacteria;p__Bacteroidetes;c__Bacteroidia;o__Bacteroidales;f__Prevotellaceae;g__Prevotella	unresolved	44.1280491363	0.873977	872	0.957481718626	11	67	45.1626023331	4.79490525173	3.06571052239	0.380303181607	2648.01492537	324.492416145
BSEL-pool1.078	7	6	UID4575	k__Bacteria;p__Proteobacteria;c__Gammaproteobacteria;o__Pseudomonadales;f__Pseudomonadaceae;g__Pseudomonas	s__	55.545993567	5.115161	6923	0.878101588591	11	2	56.9309337305	0.527334285458	5.195008	0.040688	4860.5	75.5
BSEL-pool1.079	10	2	UID2618	k__Bacteria;p__Bacteroidetes;c__Bacteroidia;o__Bacteroidales	unresolved	46.9783331297	1.571616	2262	0.939711099912	11	207	44.2786566854	3.95055024991	4.19324544928	1.44938309047	3579.7294686	1168.66293569
BSEL-pool1.080	1	0	UID956	k__Bacteria;p__Firmicutes;c__Bacilli;o__Bacillales;f__Planococcaceae;g__Lysinibacillus	s__Lysinibacillus_fusiformis	36.8855141912	5.68874	7020	0.83755242813	11	3	37.3747299296	0.0914154125321	4.685445	0.127369528635	4714.33333333	120.499884739
BSEL-pool1.081	7	1	UID4230	k__Bacteria;p__Proteobacteria;c__Gammaproteobacteria;o__Xanthomonadales;f__Xanthomonadaceae	g__Stenotrophomonas;s__Stenotrophomonas_maltophilia	66.1131091643	5.527881	7620	0.930234388186	11	36	61.5388659727	6.00745156912	4.23895277778	1.05547618001	3850.94444444	864.850820291
BSEL-pool1.082	1	0	UID1229	k__Bacteria;p__Firmicutes;c__Clostridia;o__Clostridiales	f__;g__;s__	45.5713857875	1.763012	2717	0.881630981525	11	5	54.9201949947	3.5576564145	3.958275	1.12552437535	4185.2	1361.40110181
BSEL-pool1.083	10	5	UID2993	k__Bacteria	p__Verrucomicrobia	52.5487240502	3.778832	5840	0.904944967122	11	77	42.9388897508	7.08947795852	1.8711955974	1.6729307037	1670.83116883	1381.87024973
BSEL-pool1.084	1	0	UID2610	k__Bacteria;p__Bacteroidetes;c__Sphingobacteriia;o__Sphingobacteriales;f__Sphingobacteriaceae;g__Pedobacter	s__Pedobacter_glucosidilyticus	44.0538944662	1.817181	2776	0.883062831936	11	2	35.4590990538	1.12348271765	4.328128	0.307108	3722.5	198.5
BSEL-pool1.085	10	2	UID1228	k__Bacteria;p__Firmicutes;c__Clostridia;o__Clostridiales	unresolved	59.0266564601	4.981119	7757	0.934187277999	11	6	54.7790079558	3.26298966227	3.73971183333	1.13776984581	3947.83333333	1351.37910011
BSEL-pool1.086	13	8	UID1	k__Archaea (root)	k__Archaea	30.4762927668	5.288386	7377	0.867870083613	11	5656	49.2752660014	13.0081081425	3.76173456931	1.81655134913	3559.91760962	1650.82761538
BSEL-pool1.087	23	1	UID1118	k__Bacteria;p__Firmicutes;c__Clostridia	o__Clostridiales	38.8691881305	1.619509	2481	0.850499132762	11	387	36.498675408	7.82035268547	3.63465912145	1.06226711303	3451.97932817	979.284392837
BSEL-pool1.088	33	0	UID1233	k__Bacteria;p__Firmicutes;c__Clostridia;o__Clostridiales;f__Ruminococcaceae	unresolved	49.1014270244	1.677827	1942	0.92578436275	11	15	50.0135223058	4.72053255921	3.55454906667	0.605220413752	3550.13333333	631.077160276
BSEL-pool1.089	0	0	NA	NA	unresolved	47.3028385343	1.137418	1679	0.91614692224	11	NA	NA	NA	NA	NA	NA	NA
BSEL-pool1.090	7	7	UID1293	k__Bacteria;p__Firmicutes;c__Clostridia;o__Clostridiales;f__Lachnospiraceae	unresolved	47.1500659798	3.695068	4597	0.937770292725	11	35	41.1826731883	2.27312843919	4.051379	0.584466320132	3605.57142857	499.270341067
BSEL-pool1.091	9	24	UID1226	k__Bacteria;p__Firmicutes;c__Clostridia;o__Clostridiales	unresolved	53.6660937962	3.551123	4995	0.946988600508	11	155	43.8662319998	5.38173164231	3.83973887097	1.10445518803	3649.4	1062.30653859
BSEL-pool1.092	6	1	UID1228	k__Bacteria;p__Firmicutes;c__Clostridia;o__Clostridiales	unresolved	52.3314845925	1.086325	1858	0.814190964951	11	6	54.7790079558	3.26298966227	3.73971183333	1.13776984581	3947.83333333	1351.37910011
BSEL-pool1.093	11	1	UID1247	k__Bacteria;p__Firmicutes;c__Clostridia;o__Clostridiales	unresolved	40.4297901506	2.427836	3923	0.892126568681	11	134	42.6894707287	4.42534081496	3.87614192537	1.14067665452	3647.14925373	1083.46687548
BSEL-pool1.094	3	2	UID2617	k__Bacteria;p__Bacteroidetes;c__Bacteroidia;o__Bacteroidales	f__Rikenellaceae;g__Alistipes	59.0584880431	0.845831	1287	0.920049040529	11	213	44.6136469867	4.37190585704	4.16594949296	1.44014248458	3559.19248826	1160.01352815
BSEL-pool1.095	19	10	UID1247	k__Bacteria;p__Firmicutes;c__Clostridia;o__Clostridiales	unresolved	44.8801319105	1.295424	1862	0.953707048812	11	134	42.6894707287	4.42534081496	3.87614192537	1.14067665452	3647.14925373	1083.46687548
BSEL-pool1.096	23	16	UID1227	k__Bacteria;p__Firmicutes;c__Clostridia;o__Clostridiales	unresolved	54.3552215738	3.320474	4276	0.904216687136	11	21	51.3750896344	4.85730655984	3.60745271429	0.799059994081	3663.76190476	915.711532076
BSEL-pool1.097	7	1	UID3341	k__Bacteria;p__Proteobacteria;c__Alphaproteobacteria;o__Rhodobacterales;f__Rhodobacteraceae	g__Rhodobacter;s__Rhodobacter_sphaeroides	63.5336926378	3.027145	3861	0.908865944644	11	17	66.4413234944	2.87263638008	4.25929876471	0.558710712937	4162.17647059	513.073235834
BSEL-pool1.098	14	2	UID2543	k__Bacteria;p__Spirochaetes;c__Spirochaetia;o__Spirochaetales;f__Spirochaetaceae;g__Treponema	unresolved	43.7315106109	1.214886	1748	0.901533147966	11	25	43.5655620465	5.97038387035	2.58424292	0.661378533684	2425.68	601.121998932
BSEL-pool1.099	18	2	UID2496	k__Bacteria;p__Spirochaetes;c__Spirochaetia	unresolved	36.8894377922	0.988638	1290	0.910476837831	11	72	38.9697421605	10.3693638763	2.60865927778	1.034157916	2440.63888889	952.666641963
BSEL-pool1.100	14	2	UID2543	k__Bacteria;p__Spirochaetes;c__Spirochaetia;o__Spirochaetales;f__Spirochaetaceae;g__Treponema	unresolved	43.7346521676	1.223707	1765	0.901802473958	11	25	43.5655620465	5.97038387035	2.58424292	0.661378533684	2425.68	601.121998932
BSEL-pool1.101	18	2	UID2496	k__Bacteria;p__Spirochaetes;c__Spirochaetia	unresolved	36.8888906888	0.987712	1288	0.910748274801	11	72	38.9697421605	10.3693638763	2.60865927778	1.034157916	2440.63888889	952.666641963
